epoch,time,train/box_loss,train/cls_loss,train/dfl_loss,metrics/precision(B),metrics/recall(B),metrics/mAP50(B),metrics/mAP50-95(B),val/box_loss,val/cls_loss,val/dfl_loss,lr/pg0,lr/pg1,lr/pg2
1,38.1132,2.00636,2.57035,2.01774,0.07078,0.05236,0.01121,0.00218,3.98018,31.5286,5.91306,0.070184,0.00331288,0.00331288
2,67.8542,2.20291,2.64244,2.22943,0.00367,0.32984,0.00255,0.00068,3.44119,121.818,4.36273,0.0388681,0.00533027,0.00533027
3,96.911,2.08695,2.46518,2.08538,0.31574,0.45026,0.29245,0.1002,2.08363,7.40684,2.23066,0.00623215,0.00602765,0.00602765
4,126.107,1.90951,2.30332,1.96183,0.31756,0.4434,0.30722,0.11712,1.82713,3.12271,2.02233,0.00406,0.00406,0.00406
5,155.083,1.84877,2.21368,1.88323,0.41108,0.40314,0.36132,0.15925,1.74647,2.41369,1.86809,0.00208,0.00208,0.00208
1,56.3219,2.45543,2.95682,2.44002,4e-05,0.01047,2e-05,1e-05,nan,nan,nan,0.070184,0.00331288,0.00331288
2,102.078,2.52264,3.09364,2.61542,0.03334,0.01047,0.00291,0.00081,nan,nan,nan,0.0388681,0.00533027,0.00533027
3,148.274,2.34442,2.94476,2.39799,0.17159,0.22513,0.1109,0.03497,2.64298,3.75751,2.90917,0.00623215,0.00602765,0.00602765
4,195.5,2.20357,2.83525,2.29624,0.08562,0.3822,0.05793,0.01717,2.42314,15.2554,2.69884,0.00406,0.00406,0.00406
5,241.428,2.1571,2.67681,2.172,0.28568,0.29734,0.24695,0.07974,2.09685,3.32535,2.21363,0.00208,0.00208,0.00208
1,38.8787,2.16693,2.62032,2.09773,0.00876,0.01047,0.00666,0.00148,3.53073,3.65869,5.12868,0.0703659,0.00329268,0.00329268
2,79.0976,2.18531,2.62077,2.17134,0.13163,0.15707,0.06487,0.01836,3.18535,5.26588,3.48601,0.0381793,0.00443943,0.00443943
3,115.655,2.05562,2.43945,2.01178,0.28697,0.36649,0.2397,0.0857,2.36067,2.57836,2.40488,0.00379268,0.00338618,0.00338618
1,59.0444,2.16886,2.62727,2.31347,0.2075,0.33508,0.16595,0.04865,2.45738,3.74855,2.82216,0.070184,0.00331288,0.00331288
2,118.449,2.17637,2.68448,2.32505,0.03752,0.10471,0.01386,0.00365,3.06653,7.27737,3.17027,0.0400196,0.00648172,0.00648172
3,177.793,2.11867,2.60451,2.26584,0.10935,0.31414,0.08638,0.02426,2.33172,3.50831,2.63051,0.00969006,0.00948556,0.00948556
4,237.764,2.09494,2.51273,2.24184,0.21933,0.32214,0.19106,0.06727,2.13585,3.82416,2.42831,0.0092575,0.0092575,0.0092575
5,299.402,2.05852,2.48335,2.18117,0.21203,0.28796,0.1957,0.06845,2.16672,4.00365,2.46224,0.00901,0.00901,0.00901
6,363.52,2.00822,2.40271,2.12986,0.22275,0.40314,0.20355,0.07661,2.01403,2.72367,2.3043,0.0087625,0.0087625,0.0087625
7,431.333,1.93035,2.3196,2.08342,0.21617,0.34555,0.17941,0.06619,2.0338,5.02411,2.35662,0.008515,0.008515,0.008515
8,495.872,1.96795,2.36867,2.10186,0.25036,0.33508,0.2084,0.07718,1.94799,3.82321,2.28142,0.0082675,0.0082675,0.0082675
9,559.882,1.92031,2.34746,2.05786,0.4224,0.41885,0.35644,0.13721,1.99675,3.25151,2.27328,0.00802,0.00802,0.00802
10,623.285,1.90253,2.28397,2.03591,0.36069,0.49738,0.34579,0.15625,1.81691,2.71511,2.14695,0.0077725,0.0077725,0.0077725
11,686.417,1.83158,2.21487,1.98963,0.39862,0.50262,0.36774,0.14818,1.84755,2.77907,2.12322,0.007525,0.007525,0.007525
12,749.812,1.82399,2.15388,1.9631,0.3414,0.50262,0.32286,0.13354,1.87234,2.96896,2.16121,0.0072775,0.0072775,0.0072775
13,814.449,1.82563,2.16965,1.93153,0.37236,0.44503,0.34754,0.15994,1.71339,2.16006,2.05119,0.00703,0.00703,0.00703
14,877.308,1.79419,2.16393,1.94666,0.39852,0.40934,0.3285,0.13509,1.75599,4.47375,2.10212,0.0067825,0.0067825,0.0067825
15,941.535,1.75213,2.17174,1.92757,0.40785,0.46073,0.38589,0.16514,1.72945,3.36972,2.10329,0.006535,0.006535,0.006535
16,1004.65,1.76381,2.11021,1.90694,0.42729,0.47644,0.41747,0.18034,1.69086,2.30677,1.99951,0.0062875,0.0062875,0.0062875
17,1067.59,1.76844,2.06677,1.9191,0.40776,0.48168,0.35189,0.14775,1.83628,4.12923,2.1653,0.00604,0.00604,0.00604
18,1132.1,1.70838,2.03904,1.88026,0.46165,0.50262,0.44016,0.22453,1.60659,2.40217,1.92426,0.0057925,0.0057925,0.0057925
19,1193.53,1.66646,2.02303,1.84895,0.48669,0.49738,0.45101,0.22294,1.56259,2.3454,1.9124,0.005545,0.005545,0.005545
20,1254.37,1.65794,1.94555,1.85883,0.34325,0.5288,0.37697,0.18722,1.59018,2.17047,1.93955,0.0052975,0.0052975,0.0052975
21,1315.17,1.69086,1.96856,1.85878,0.4969,0.51195,0.47291,0.21759,1.63699,2.07086,1.94053,0.00505,0.00505,0.00505
22,1376.15,1.63827,1.91934,1.80295,0.51705,0.55493,0.48552,0.25234,1.53615,1.99529,1.86689,0.0048025,0.0048025,0.0048025
23,1437.22,1.6377,1.92606,1.80671,0.45156,0.59162,0.47005,0.23038,1.57536,2.08487,1.9243,0.004555,0.004555,0.004555
24,1498,1.60091,1.85858,1.78385,0.53993,0.5445,0.52837,0.25272,1.57226,2.12507,1.89119,0.0043075,0.0043075,0.0043075
25,1558.97,1.62385,1.85308,1.78515,0.53821,0.53403,0.48853,0.23568,1.61958,1.98719,1.93259,0.00406,0.00406,0.00406
26,1619.91,1.57222,1.83674,1.75235,0.46481,0.57592,0.47723,0.21629,1.60084,1.99685,1.9671,0.0038125,0.0038125,0.0038125
27,1680.89,1.59537,1.89599,1.80596,0.52935,0.54175,0.48297,0.25291,1.53762,1.92399,1.87991,0.003565,0.003565,0.003565
28,1741.68,1.52245,1.76635,1.7273,0.50681,0.60733,0.55462,0.29747,1.44554,1.7127,1.78297,0.0033175,0.0033175,0.0033175
29,1802.92,1.55619,1.81698,1.7502,0.51711,0.57068,0.57086,0.29912,1.44805,1.83735,1.78667,0.00307,0.00307,0.00307
30,1863.66,1.51363,1.77498,1.71872,0.48175,0.65969,0.5859,0.3174,1.41279,1.71573,1.74995,0.0028225,0.0028225,0.0028225
31,1923.59,1.56187,2.0173,1.92123,0.56322,0.60209,0.57429,0.30281,1.45074,1.80473,1.77444,0.002575,0.002575,0.002575
32,1983.56,1.55498,1.80701,1.90328,0.52561,0.58115,0.54143,0.28845,1.44466,1.62348,1.81378,0.0023275,0.0023275,0.0023275
33,2043.27,1.50868,1.9634,1.86803,0.51332,0.62827,0.52866,0.29278,1.45512,1.92359,1.81214,0.00208,0.00208,0.00208
34,2103.12,1.53367,1.76085,1.91086,0.55473,0.59162,0.53523,0.27969,1.45911,1.78773,1.83869,0.0018325,0.0018325,0.0018325
35,2162.87,1.46737,1.72902,1.8712,0.57484,0.58115,0.54424,0.29495,1.39725,1.5875,1.76371,0.001585,0.001585,0.001585
36,2222.53,1.45418,1.70852,1.84654,0.5891,0.64398,0.57609,0.29539,1.51004,1.72536,1.86701,0.0013375,0.0013375,0.0013375
37,2282.38,1.45598,1.63926,1.84605,0.57713,0.62304,0.5902,0.33266,1.40091,1.49478,1.79045,0.00109,0.00109,0.00109
38,2342.4,1.4294,1.68023,1.81711,0.59022,0.6178,0.57904,0.33247,1.38938,1.52368,1.76384,0.0008425,0.0008425,0.0008425
39,2402.55,1.38002,1.57598,1.78031,0.58483,0.65638,0.59672,0.34509,1.37344,1.46899,1.76557,0.000595,0.000595,0.000595
40,2462.47,1.41783,1.63813,1.78606,0.59682,0.66492,0.59786,0.34467,1.35889,1.47915,1.74299,0.0003475,0.0003475,0.0003475
1,80.5751,1.62939,1.76866,1.77193,0.62093,0.47489,0.55627,0.28806,1.52197,2.8769,1.81022,0.070184,0.00331288,0.00331288
2,156.254,1.6026,1.68878,1.77001,0.56529,0.65297,0.59375,0.28198,1.66282,3.01361,1.95963,0.0399647,0.00642689,0.00642689
3,229.706,1.61424,1.7264,1.7847,0.68369,0.49315,0.57913,0.28748,1.57538,2.54902,1.86026,0.0095254,0.0093209,0.0093209
4,303.068,1.64692,1.71031,1.7739,0.62729,0.56164,0.57545,0.28246,1.59343,2.68545,1.89205,0.00901,0.00901,0.00901
5,376.44,1.6291,1.7344,1.81243,0.59727,0.57534,0.57115,0.29203,1.56046,2.96588,1.86663,0.00868,0.00868,0.00868
6,449.991,1.64086,1.75241,1.80325,0.63829,0.57534,0.6212,0.32625,1.45159,2.36256,1.76757,0.00835,0.00835,0.00835
7,523.397,1.59463,1.66144,1.74858,0.58333,0.59361,0.62956,0.32702,1.39827,2.25397,1.69249,0.00802,0.00802,0.00802
8,587.191,1.5464,1.61946,1.69959,0.62677,0.54338,0.59894,0.32231,1.50741,2.02028,1.76004,0.00769,0.00769,0.00769
9,644.867,1.52925,1.6012,1.71649,0.68976,0.65297,0.66781,0.35928,1.37422,2.05984,1.69217,0.00736,0.00736,0.00736
10,702.514,1.52932,1.64169,1.71111,0.62575,0.61077,0.6183,0.35978,1.39008,1.75297,1.69992,0.00703,0.00703,0.00703
11,760.151,1.49706,1.59774,1.67689,0.56004,0.64384,0.58603,0.3404,1.36666,2.1883,1.70331,0.0067,0.0067,0.0067
12,817.962,1.53404,1.6026,1.71118,0.72381,0.61187,0.68568,0.39464,1.431,2.23781,1.71738,0.00637,0.00637,0.00637
13,875.663,1.46643,1.55463,1.66237,0.62351,0.6484,0.67949,0.38513,1.3654,1.67037,1.66783,0.00604,0.00604,0.00604
14,933.207,1.51243,1.60694,1.70404,0.73014,0.60274,0.67141,0.38679,1.3682,1.9011,1.68961,0.00571,0.00571,0.00571
15,990.692,1.44866,1.55148,1.66616,0.70656,0.69406,0.72969,0.42155,1.28428,1.70612,1.60132,0.00538,0.00538,0.00538
16,1048.45,1.40148,1.49349,1.62465,0.67176,0.65414,0.65361,0.38833,1.35706,1.60269,1.64696,0.00505,0.00505,0.00505
17,1106.03,1.44295,1.54603,1.65444,0.84364,0.55251,0.70993,0.41839,1.32523,1.73529,1.64157,0.00472,0.00472,0.00472
18,1163.58,1.37602,1.44634,1.61019,0.78777,0.59817,0.71377,0.42318,1.31092,1.69399,1.64005,0.00439,0.00439,0.00439
19,1221.16,1.4103,1.47176,1.62089,0.70147,0.69741,0.71098,0.4433,1.3094,1.45766,1.62168,0.00406,0.00406,0.00406
20,1278.9,1.35434,1.42209,1.60638,0.65183,0.70098,0.716,0.44698,1.22658,1.46947,1.56216,0.00373,0.00373,0.00373
21,1335.72,1.36025,1.43835,1.77275,0.69989,0.65753,0.71203,0.43366,1.30158,1.59771,1.65202,0.0034,0.0034,0.0034
22,1392.38,1.3711,1.2905,1.75753,0.70633,0.68493,0.70761,0.4405,1.28222,1.41502,1.62355,0.00307,0.00307,0.00307
23,1449.06,1.33178,1.25892,1.74002,0.81184,0.66985,0.74812,0.46132,1.27065,1.57594,1.64387,0.00274,0.00274,0.00274
24,1505.86,1.28432,1.22057,1.67035,0.67528,0.73117,0.75267,0.45958,1.27804,1.31626,1.61809,0.00241,0.00241,0.00241
25,1562.61,1.30096,1.19557,1.67794,0.7606,0.71085,0.74881,0.47721,1.21797,1.32123,1.57326,0.00208,0.00208,0.00208
26,1619.45,1.22978,1.18323,1.64417,0.78174,0.6895,0.75416,0.48721,1.24148,1.38862,1.61641,0.00175,0.00175,0.00175
27,1676.21,1.20785,1.18674,1.61018,0.71383,0.68037,0.73617,0.47716,1.23058,1.38958,1.5672,0.00142,0.00142,0.00142
28,1732.88,1.19618,1.19616,1.58109,0.82424,0.6347,0.75452,0.49156,1.19664,1.32654,1.56728,0.00109,0.00109,0.00109
29,1789.73,1.20122,1.14555,1.58266,0.77414,0.67298,0.76842,0.51117,1.18867,1.23073,1.55235,0.00076,0.00076,0.00076
30,1846.63,1.16805,1.11759,1.59082,0.77787,0.68493,0.77194,0.51244,1.16726,1.2215,1.52533,0.00043,0.00043,0.00043
1,52.4357,3.06159,4.47524,3.15751,0.00503,0.0137,0.00205,0.0004,nan,nan,nan,0.0702752,0.00330275,0.00330275
2,102.236,3.15005,3.91634,3.28583,0.00503,0.0137,0.00205,0.0004,nan,nan,nan,0.0402741,0.00663496,0.00663496
3,151.616,3.04436,3.78742,3.24536,0.00058,0.00457,0.00029,3e-05,nan,nan,nan,0.0102685,0.00996266,0.00996266
4,201.402,2.95193,3.75547,3.16077,0.01279,0.0274,0.00472,0.0012,nan,nan,nan,0.00998474,0.00998474,0.00998474
5,251.164,2.95838,3.4335,3.18226,0.00662,0.48858,0.01008,0.00248,3.32665,3.05193,3.53458,0.00997288,0.00997288,0.00997288
6,300.863,2.8243,3.27665,3.08809,0.00749,0.31963,0.01323,0.00255,3.01006,5.62612,3.24753,0.00995765,0.00995765,0.00995765
7,350.566,2.85277,3.32996,3.05349,0.00451,0.68037,0.00795,0.0019,3.09493,3.79139,3.24002,0.00993906,0.00993906,0.00993906
8,400.008,2.84054,3.27848,2.99627,0.0035,0.73516,0.00892,0.00197,3.04304,5.11662,3.1192,0.00991711,0.00991711,0.00991711
1,38.2159,2.37003,2.96303,2.48634,0,0,0,0,nan,nan,nan,0.0702752,0.00330275,0.00330275
2,75.5205,2.37583,2.96243,2.56071,0.00438,0.07306,0.00218,0.00052,4.19962,inf,354.902,0.0402741,0.00663496,0.00663496
3,111.972,2.27358,2.85998,2.42043,0.02683,0.26941,0.01354,0.00346,3.03039,88.8304,7.46769,0.0102685,0.00996266,0.00996266
4,148.289,2.2166,2.71129,2.33836,0.02679,0.34703,0.01694,0.00414,nan,nan,nan,0.00998474,0.00998474,0.00998474
5,184.917,2.09693,2.49239,2.23377,0.1283,0.26484,0.06661,0.02056,nan,nan,nan,0.00997288,0.00997288,0.00997288
6,221.343,2.05494,2.38864,2.1537,0.21906,0.16438,0.11225,0.03093,2.44279,3.68189,2.7978,0.00995765,0.00995765,0.00995765
7,257.818,2.05698,2.36976,2.13366,0.19514,0.29449,0.15395,0.04875,2.18104,4.69325,2.50524,0.00993906,0.00993906,0.00993906
8,294.293,2.01598,2.36628,2.10667,0.28198,0.29224,0.23237,0.082,2.06263,3.64321,2.34746,0.00991711,0.00991711,0.00991711
9,330.794,2.04219,2.35329,2.14693,0.23163,0.31507,0.18367,0.06408,1.99862,4.76307,2.31253,0.00989183,0.00989183,0.00989183
10,367.168,1.95421,2.23814,2.08143,0.40539,0.3516,0.32392,0.13842,1.84663,3.28027,2.17887,0.00986323,0.00986323,0.00986323
11,403.676,1.99979,2.23723,2.07996,0.30537,0.3653,0.24165,0.08959,2.03069,nan,2.22238,0.00983133,0.00983133,0.00983133
12,439.999,1.92613,2.28131,2.06745,0.37114,0.41096,0.36574,0.15145,1.83982,4.11843,2.0626,0.00979616,0.00979616,0.00979616
13,476.524,1.89607,2.14996,1.98098,0.41277,0.41083,0.36798,0.14731,1.83373,3.44486,2.06848,0.00975773,0.00975773,0.00975773
14,512.953,1.88758,2.13827,2.01293,0.36823,0.37443,0.3203,0.12253,1.86909,4.11516,2.15808,0.00971608,0.00971608,0.00971608
15,549.698,1.86164,2.118,1.97581,0.29441,0.21461,0.15047,0.06619,nan,nan,nan,0.00967122,0.00967122,0.00967122
16,586.969,1.85942,2.07668,1.96595,0.32287,0.34247,0.25817,0.10044,2.03613,4.27451,2.24349,0.0096232,0.0096232,0.0096232
17,624.891,1.82788,2.05276,1.93889,0.39392,0.3653,0.34714,0.13739,1.90587,4.63497,2.12907,0.00957205,0.00957205,0.00957205
18,662.151,1.79715,2.00544,1.89661,0.42943,0.42466,0.36798,0.17098,1.62123,3.75896,1.9564,0.0095178,0.0095178,0.0095178
19,699.634,1.76564,1.9439,1.89203,0.4499,0.49772,0.44939,0.20678,1.65623,4.34819,1.95091,0.00946048,0.00946048,0.00946048
20,736.891,1.74375,1.88158,1.85125,0.44261,0.3626,0.3419,0.15511,1.86414,3.85339,2.10026,0.00940014,0.00940014,0.00940014
21,773.881,1.71847,1.83308,1.82576,0.49965,0.52055,0.49228,0.243,1.65882,3.37358,1.94144,0.00933683,0.00933683,0.00933683
22,810.894,1.69391,1.81386,1.82037,0.4056,0.45662,0.40664,0.16507,1.82842,3.72757,2.07675,0.00927057,0.00927057,0.00927057
23,847.525,1.72034,1.84491,1.83807,0.51219,0.49862,0.52293,0.25016,1.65522,3.86633,1.94385,0.00920142,0.00920142,0.00920142
24,884.262,1.67965,1.77258,1.81222,0.51175,0.53881,0.52456,0.26346,1.58704,2.95025,1.89566,0.00912942,0.00912942,0.00912942
25,921.02,1.7073,1.83632,1.8271,0.56602,0.45262,0.48425,0.22717,1.61372,3.32004,1.93639,0.00905463,0.00905463,0.00905463
26,957.659,1.70496,1.81315,1.82192,0.58425,0.43836,0.50878,0.2503,1.60195,3.3652,1.94112,0.0089771,0.0089771,0.0089771
27,994.365,1.69285,1.8456,1.82736,0.51302,0.53877,0.47612,0.24255,1.52754,3.87861,1.85925,0.00889687,0.00889687,0.00889687
28,1031.04,1.64017,1.75408,1.78872,0.52694,0.55442,0.52809,0.25565,1.58548,3.17114,1.86468,0.00881401,0.00881401,0.00881401
29,1067.65,1.65317,1.76872,1.77082,0.55178,0.61187,0.57644,0.26866,1.58379,3.99858,1.88001,0.00872857,0.00872857,0.00872857
30,1104.57,1.63791,1.80853,1.76595,0.5911,0.54795,0.58464,0.29991,1.51621,4.76572,1.80598,0.0086406,0.0086406,0.0086406
31,1141.33,1.6285,1.73685,1.74025,0.5898,0.51868,0.57586,0.29675,1.53235,3.20972,1.82049,0.00855018,0.00855018,0.00855018
32,1178.08,1.58144,1.73639,1.72928,0.52675,0.52968,0.53774,0.29443,1.47401,2.73664,1.80993,0.00845736,0.00845736,0.00845736
33,1214.76,1.58598,1.68569,1.709,0.65684,0.57991,0.61904,0.29659,1.60792,2.33809,1.84879,0.0083622,0.0083622,0.0083622
34,1251.56,1.60635,1.68856,1.73799,0.5832,0.54338,0.56322,0.30082,1.46877,2.9479,1.77046,0.00826477,0.00826477,0.00826477
35,1288.32,1.59559,1.70754,1.72953,0.616,0.5567,0.58641,0.30437,1.51634,3.34038,1.81101,0.00816514,0.00816514,0.00816514
36,1325.03,1.57708,1.65679,1.74023,0.6373,0.60176,0.60484,0.31307,1.5167,2.80782,1.78569,0.00806337,0.00806337,0.00806337
37,1361.88,1.5679,1.6361,1.68819,0.48995,0.58904,0.50773,0.26239,1.48517,2.32467,1.78325,0.00795954,0.00795954,0.00795954
38,1398.42,1.52239,1.66786,1.70552,0.68041,0.59301,0.62326,0.34025,1.39486,3.03482,1.70299,0.00785371,0.00785371,0.00785371
39,1434.93,1.52059,1.54417,1.66586,0.68371,0.54338,0.62595,0.34409,1.42935,2.57804,1.7408,0.00774596,0.00774596,0.00774596
40,1471.47,1.50321,1.57318,1.67008,0.51098,0.621,0.59327,0.30823,1.45653,2.09074,1.7693,0.00763637,0.00763637,0.00763637
41,1507.82,1.52514,1.603,1.69057,0.61092,0.50685,0.59241,0.31276,1.51065,3.36689,1.8059,0.007525,0.007525,0.007525
42,1544.16,1.49861,1.551,1.65054,0.67248,0.60274,0.64385,0.34921,1.39955,2.24336,1.6887,0.00741194,0.00741194,0.00741194
43,1580.64,1.47392,1.51422,1.62439,0.64789,0.61644,0.63163,0.338,1.46147,2.72582,1.73954,0.00729725,0.00729725,0.00729725
44,1616.92,1.502,1.51183,1.63458,0.60378,0.6758,0.64059,0.36055,1.40276,2.10936,1.74072,0.00718103,0.00718103,0.00718103
45,1653.46,1.50269,1.54731,1.66477,0.70649,0.59351,0.66907,0.35396,1.43077,1.93822,1.75118,0.00706335,0.00706335,0.00706335
46,1689.89,1.44288,1.52283,1.64704,0.58958,0.6621,0.64955,0.37474,1.33853,2.72048,1.67293,0.00694428,0.00694428,0.00694428
47,1726.33,1.44729,1.5388,1.62422,0.62084,0.66667,0.67961,0.39554,1.35231,2.07587,1.6536,0.00682392,0.00682392,0.00682392
48,1762.84,1.4371,1.4969,1.62041,0.63012,0.67123,0.66748,0.39243,1.34857,2.19518,1.67559,0.00670234,0.00670234,0.00670234
49,1799.31,1.42092,1.45449,1.58912,0.56911,0.6484,0.62824,0.35872,1.36398,2.10755,1.6803,0.00657963,0.00657963,0.00657963
50,1835.73,1.44613,1.44291,1.60504,0.645,0.6758,0.67322,0.37591,1.45712,1.99842,1.73704,0.00645588,0.00645588,0.00645588
51,1872.06,1.47127,1.4503,1.63707,0.6508,0.58447,0.65295,0.38062,1.33902,1.79818,1.66777,0.00633115,0.00633115,0.00633115
52,1908.36,1.41659,1.41834,1.60383,0.76906,0.62557,0.70636,0.40546,1.37779,1.60712,1.67515,0.00620555,0.00620555,0.00620555
53,1944.8,1.40649,1.461,1.57219,0.65357,0.6621,0.69626,0.41244,1.28229,2.1203,1.61153,0.00607916,0.00607916,0.00607916
54,1981.26,1.37561,1.38272,1.56511,0.70922,0.66824,0.68084,0.426,1.28415,1.77888,1.62718,0.00595207,0.00595207,0.00595207
55,2017.72,1.39616,1.43497,1.60564,0.67217,0.65538,0.71102,0.41374,1.30652,1.78898,1.64637,0.00582435,0.00582435,0.00582435
56,2054.09,1.33698,1.39823,1.55443,0.68209,0.6621,0.70223,0.43546,1.24845,2.72953,1.59051,0.0056961,0.0056961,0.0056961
57,2090.44,1.36052,1.38546,1.56038,0.6453,0.69406,0.69398,0.42941,1.26489,2.02216,1.64233,0.00556742,0.00556742,0.00556742
58,2126.8,1.33928,1.33755,1.52676,0.70594,0.70158,0.72217,0.43219,1.27301,1.97817,1.59236,0.00543837,0.00543837,0.00543837
59,2163.13,1.32617,1.3373,1.53323,0.79819,0.72239,0.77335,0.48275,1.26927,1.71506,1.60316,0.00530906,0.00530906,0.00530906
60,2199.59,1.33013,1.32228,1.54648,0.75894,0.621,0.73268,0.44658,1.29651,1.54882,1.65221,0.00517958,0.00517958,0.00517958
61,2235.87,1.34494,1.34386,1.54529,0.75517,0.66667,0.74215,0.47331,1.21103,1.99252,1.56237,0.00505,0.00505,0.00505
62,2272.15,1.31509,1.32417,1.53458,0.73822,0.65753,0.73372,0.44835,1.31522,2.81805,1.62151,0.00492042,0.00492042,0.00492042
63,2308.5,1.36122,1.35115,1.54486,0.72113,0.69667,0.73058,0.4514,1.29803,1.70552,1.62847,0.00479094,0.00479094,0.00479094
64,2344.83,1.36214,1.3401,1.55735,0.80805,0.67278,0.75358,0.47057,1.28111,1.57744,1.58447,0.00466163,0.00466163,0.00466163
65,2381.1,1.29199,1.28645,1.50123,0.70079,0.65753,0.71565,0.44819,1.24202,1.73855,1.55915,0.00453258,0.00453258,0.00453258
66,2417.46,1.27168,1.27025,1.49084,0.72604,0.70776,0.74191,0.4913,1.17336,1.69169,1.5185,0.0044039,0.0044039,0.0044039
67,2454.05,1.26119,1.265,1.48488,0.78628,0.66667,0.76053,0.48833,1.17222,1.73423,1.49022,0.00427565,0.00427565,0.00427565
68,2490.38,1.27351,1.25308,1.48756,0.74991,0.71197,0.7491,0.49155,1.16406,1.72106,1.49362,0.00414793,0.00414793,0.00414793
69,2526.78,1.25349,1.23129,1.47949,0.79403,0.6347,0.74732,0.49938,1.14273,1.53731,1.49074,0.00402084,0.00402084,0.00402084
70,2563.17,1.234,1.19432,1.45509,0.70809,0.74211,0.76206,0.50541,1.16983,1.71639,1.50089,0.00389445,0.00389445,0.00389445
71,2599.59,1.23667,1.21791,1.46535,0.76397,0.71689,0.78028,0.51785,1.13771,1.46656,1.46913,0.00376885,0.00376885,0.00376885
72,2635.97,1.24121,1.21196,1.46081,0.7421,0.72265,0.76547,0.5059,1.10904,1.58676,1.46064,0.00364412,0.00364412,0.00364412
73,2672.22,1.22214,1.21062,1.45694,0.73297,0.71442,0.74745,0.47862,1.21996,1.76484,1.55256,0.00352037,0.00352037,0.00352037
74,2708.49,1.21258,1.2192,1.44748,0.71235,0.65588,0.7132,0.46572,1.14684,1.61688,1.48185,0.00339766,0.00339766,0.00339766
75,2744.87,1.2211,1.21079,1.4513,0.78441,0.68493,0.75858,0.50039,1.15868,1.55921,1.4963,0.00327608,0.00327608,0.00327608
76,2781.15,1.21195,1.17979,1.44603,0.73762,0.73516,0.76684,0.50448,1.13378,1.5009,1.45655,0.00315572,0.00315572,0.00315572
77,2817.39,1.18429,1.15123,1.44566,0.72509,0.73516,0.77043,0.51862,1.0919,1.54784,1.45343,0.00303665,0.00303665,0.00303665
78,2853.7,1.21859,1.17276,1.46354,0.7403,0.68988,0.769,0.52412,1.08552,1.56708,1.45433,0.00291897,0.00291897,0.00291897
79,2890.11,1.19501,1.16907,1.43198,0.6835,0.72603,0.75485,0.49978,1.10024,1.51274,1.44441,0.00280275,0.00280275,0.00280275
80,2926.43,1.22555,1.16929,1.43205,0.72601,0.71388,0.76242,0.52348,1.07999,1.52069,1.4307,0.00268806,0.00268806,0.00268806
81,2962.78,1.18382,1.1407,1.41973,0.72535,0.73059,0.75718,0.50093,1.11135,1.47302,1.44763,0.002575,0.002575,0.002575
82,2999.07,1.18769,1.14359,1.40912,0.77397,0.67232,0.76628,0.50501,1.10171,1.42076,1.41698,0.00246363,0.00246363,0.00246363
83,3035.39,1.15905,1.1036,1.40581,0.84791,0.67123,0.78611,0.53307,1.09528,1.35172,1.40571,0.00235404,0.00235404,0.00235404
84,3071.78,1.18007,1.11871,1.43365,0.76257,0.71233,0.78122,0.53896,1.07216,1.13903,1.42376,0.00224629,0.00224629,0.00224629
85,3108.24,1.16492,1.08491,1.41901,0.84196,0.7032,0.79703,0.55177,1.07328,1.10051,1.41952,0.00214046,0.00214046,0.00214046
86,3144.62,1.18024,1.12763,1.41791,0.82844,0.71233,0.79845,0.55008,1.10466,1.38661,1.45605,0.00203663,0.00203663,0.00203663
87,3180.9,1.12236,1.06186,1.37342,0.82343,0.75342,0.80418,0.55604,1.0472,1.19134,1.39171,0.00193486,0.00193486,0.00193486
88,3217.37,1.14216,1.10187,1.38891,0.82512,0.71097,0.78238,0.52958,1.08757,1.25876,1.43389,0.00183523,0.00183523,0.00183523
89,3253.75,1.11814,1.0738,1.38601,0.77663,0.75342,0.79965,0.56224,1.04602,1.4172,1.41079,0.0017378,0.0017378,0.0017378
90,3290.24,1.13471,1.0855,1.40152,0.84071,0.68493,0.80554,0.56355,1.04085,1.25946,1.38901,0.00164264,0.00164264,0.00164264
91,3326.59,1.14601,1.08112,1.39127,0.77833,0.72603,0.80463,0.57685,1.04223,1.28758,1.40291,0.00154982,0.00154982,0.00154982
92,3362.93,1.12989,1.07961,1.39291,0.71491,0.77626,0.7943,0.55694,1.02804,1.21394,1.38927,0.0014594,0.0014594,0.0014594
93,3399.21,1.10662,1.04293,1.36531,0.7381,0.77213,0.79218,0.5559,1.04297,1.23795,1.39821,0.00137143,0.00137143,0.00137143
94,3435.54,1.10184,1.06927,1.3677,0.85259,0.6758,0.80411,0.56981,1.04684,1.24807,1.39843,0.00128599,0.00128599,0.00128599
95,3471.78,1.09531,1.06938,1.3669,0.8246,0.70843,0.81181,0.58845,1.00739,1.18808,1.37589,0.00120313,0.00120313,0.00120313
96,3508.31,1.08626,1.0376,1.34669,0.77784,0.76256,0.80224,0.57001,1.03349,1.18368,1.3612,0.0011229,0.0011229,0.0011229
97,3544.54,1.09545,1.03528,1.37654,0.80639,0.76076,0.81429,0.5769,1.05188,1.10557,1.39813,0.00104537,0.00104537,0.00104537
98,3580.73,1.10035,1.04936,1.37287,0.82361,0.72603,0.81172,0.57403,1.02915,1.14557,1.37793,0.000970575,0.000970575,0.000970575
99,3616.99,1.06646,1.01654,1.34162,0.79512,0.74427,0.8115,0.58011,1.01876,1.14203,1.36511,0.000898581,0.000898581,0.000898581
100,3653.29,1.10006,1.04278,1.36142,0.78278,0.75799,0.81087,0.5888,0.98162,1.1503,1.33358,0.000829431,0.000829431,0.000829431
101,3689.66,1.05525,0.99769,1.33383,0.81665,0.71185,0.80797,0.58362,0.99788,1.14508,1.34522,0.000763174,0.000763174,0.000763174
102,3725.89,1.04293,0.99731,1.32187,0.80689,0.74409,0.81234,0.58574,0.99518,1.1693,1.34424,0.000699855,0.000699855,0.000699855
103,3762.13,1.07251,1.0194,1.35382,0.80914,0.76256,0.8205,0.58484,1.00411,1.12603,1.34623,0.000639518,0.000639518,0.000639518
104,3798.38,1.06053,1.0063,1.3446,0.77469,0.7536,0.81436,0.59128,1.00308,1.0865,1.35277,0.000582203,0.000582203,0.000582203
105,3834.67,1.0474,0.99019,1.33858,0.81889,0.74325,0.8106,0.58659,0.98194,1.12637,1.34094,0.00052795,0.00052795,0.00052795
106,3870.95,1.04685,0.97494,1.32783,0.82409,0.74429,0.81388,0.59146,0.97822,1.11458,1.33861,0.000476796,0.000476796,0.000476796
107,3907.31,1.05946,0.99895,1.35233,0.81451,0.75342,0.81177,0.60023,0.97261,1.06452,1.32994,0.000428777,0.000428777,0.000428777
108,3943.68,1.03244,0.99934,1.33717,0.85335,0.71742,0.82063,0.59686,0.9858,1.08147,1.33591,0.000383925,0.000383925,0.000383925
109,3979.96,1.04528,0.98252,1.3318,0.81396,0.7392,0.82504,0.59342,0.99293,1.06227,1.34006,0.00034227,0.00034227,0.00034227
110,4016.24,1.01914,0.96265,1.30997,0.86315,0.7032,0.82011,0.59251,0.98412,1.05759,1.33908,0.000303842,0.000303842,0.000303842
111,4069.48,0.97168,0.96963,1.37207,0.81053,0.73973,0.82008,0.594,1.00739,1.32513,1.35183,0.000268667,0.000268667,0.000268667
112,4110.61,0.93879,0.89909,1.3581,0.812,0.75342,0.81815,0.6013,1.01178,1.14759,1.36269,0.000236769,0.000236769,0.000236769
113,4148.13,0.94537,0.85875,1.34993,0.81134,0.72657,0.82271,0.59895,0.97369,1.03488,1.32805,0.000208169,0.000208169,0.000208169
114,4184.9,0.94493,0.85785,1.3643,0.80304,0.76333,0.82409,0.60653,0.95762,0.99701,1.31289,0.000182888,0.000182888,0.000182888
115,4221.77,0.89768,0.82378,1.33195,0.80289,0.76256,0.82357,0.60527,0.95346,1.03744,1.30802,0.000160943,0.000160943,0.000160943
116,4258.46,0.91498,0.84486,1.34324,0.83108,0.74136,0.82466,0.6142,0.94932,1.02925,1.30856,0.000142348,0.000142348,0.000142348
117,4295.31,0.88641,0.79736,1.33161,0.82773,0.74599,0.82417,0.61365,0.94998,1.03512,1.31078,0.000127117,0.000127117,0.000127117
118,4332.03,0.91293,0.80996,1.33913,0.83929,0.7631,0.8248,0.61714,0.94222,1.02125,1.30618,0.000115259,0.000115259,0.000115259
119,4368.85,0.8972,0.81881,1.34568,0.84059,0.73516,0.82769,0.61818,0.93825,1.02297,1.30239,0.000106784,0.000106784,0.000106784
120,4405.62,0.87964,0.78064,1.31056,0.81866,0.76712,0.82862,0.61807,0.93772,1.01385,1.30407,0.000101696,0.000101696,0.000101696
